{
  "timestamp": "2026-02-12T14:50:07.130656+00:00",
  "pt_offsets": {
    "10": 8.682847540548156,
    "0": -2499.903947109219,
    "1": -2500.045895579213,
    "2": -2499.9065697137457,
    "3": -2499.945908781642,
    "4": -2499.950170513998,
    "5": 13.689071755950133,
    "6": -2500.0432729746863,
    "7": -2499.9586939787087,
    "8": -2499.941647049287,
    "9": -2500.0127851970665,
    "11": -2500.02032518508,
    "12": -2500.045895579213,
    "13": -2500.0649094620294,
    "14": -2500.0314712543172,
    "15": -2500.008523464711
  },
  "lc_offsets": {
    "0": 0.0,
    "1": 0.0,
    "2": 0.0,
    "3": 0.0
  }
}