{
  "timestamp": "2026-02-12T14:57:56.818381+00:00",
  "pt_offsets": {
    "0": -2500.0773668335296,
    "1": -374.9919354910812,
    "2": -375.00698268455164,
    "3": -375.00619590319366,
    "4": -375.0123918063874,
    "5": 13.881177537511391,
    "6": -374.9954760071919,
    "7": -499.99927878375524,
    "8": -374.99434500898985,
    "9": -375.0235050930682,
    "10": 1.2853578499172624,
    "11": -124.99606609321035,
    "12": -374.9952793118524,
    "13": -374.9968528745683,
    "14": -374.99134540506276,
    "15": -374.99970495699074
  },
  "lc_offsets": {
    "0": 0.0,
    "1": 0.0,
    "2": 0.0,
    "3": 0.0
  }
}