{
  "timestamp": "2026-02-26T20:37:21.419987+00:00",
  "pt_offsets": {
    "0": 10.755852505913154,
    "1": 1.266284362452269,
    "2": -375.00619590319366,
    "3": -375.01657158235145,
    "4": 2.819390763008134,
    "5": -2499.925911422128,
    "6": -374.98864084414487,
    "7": 3.756007776022363,
    "8": -374.99139457889765,
    "9": 1.5277908162945608,
    "10": 0.4353717228991749,
    "11": 1.0890886836700808,
    "12": -375.0147521504612,
    "13": -375.00167191038565,
    "14": -375.0071793798911,
    "15": -375.0209480536549
  },
  "lc_offsets": {
    "0": 0.0,
    "1": 0.0,
    "2": 0.0,
    "3": 0.0
  }
}