{
  "timestamp": "2026-03-03T00:20:12.607196+00:00",
  "pt_offsets": {},
  "lc_offsets": {
    "0": 7415.396490747506,
    "1": -131.1530289459522,
    "2": -1489.4100110544225,
    "3": -398.0124413475697
  }
}